# Singer,,,,BP,gk,,,,,,,,,
,,,,165,1579,3229,,,,,,,,
Elven,10,,,10,,,,,,,,,,
Night One,5,,,,,,,,,,,,,
SURGE, ,,,,,,,,,,,,,
Albino,0,,,0,,,,,,,,,,
Genetic Enhancement,0,,,0,,,,,,,,,,
Baseline,,,,-123,,,,,,,,,,
BOD,9,11, ,22,,,5400,,,,,,,
QUI,11,11, ,22,,,,,,,,,,
STR,9,11, ,22,,,,,,,,,,
CHA,11,11, ,22,,,,,,,,,,
INT,9,11, ,22,,,,,,,,,,
WIL,10,11, ,22,,,,,,,,,,
Magic,,13, ,0,20,,,,,,,,,
Karma Pool,11,11,,0,11,,,,,,,,,
Good Karma,32,32,,0,32,,,,,,,,,
,,,,,,,,,,,,,,
## Skills,,,,,,1,2,,3,4,5,6,7,8
Athletics, Bod,7, ,,32,,,,SUM,,,,,
Stealth, Qui,8, ,,44,Level,Active,K&L,Active,K&L,,,,
Wilderness Survival, Wil,6,,,22,1,1,1,1,1,,,,
Etiquette, Cha,6,,,22,2,1,1,2,2,,,,
Instruction, Cha,4,,,8,3,2,1,4,3,,,,
Interrogation, Cha,4,,,8,4,4,2,8,5,,,,
Intimidation, Cha,6,,,22,5,6,4,14,9,,,,
Leadership, Cha,5,,,14,6,8,5,22,14,,,,
Negotiation, Cha,9,,,58,7,10,7,32,21,,,,
Singing, Cha,5,,,14,8,12,8,44,29,,,,
Computer, Int,10, ,10,,9,14,10,58,39,,,,
Disguise, Int,6,,,22,10,16,11,74,50,,,,
Demolitions, Int,6,,,22,11,18,13,92,63,,,,
Electronics, Int,9, ,,58,12,20,14,112,77,,,,
Biotech, Int,6,,,22,13,22,16,134,93,,,,
Portacam, Int,2,,,2,14,24,17,158,110,,,,
Small Unit Tactics, Int,5,,,14,15,26,19,184,129,,,,
Lock Picking, Qui,4,,,8,,,,,,,,,
Navigation, Int,3,,,4,,,,,,,,,
Assault Rifles, Qui,5,,,14,,,,,,,,,
Clubs, Str,4,,,8,,,,,,,,,
Edged Weapons, Str,6, ,,22,,,,,,,,,
Launch Weapons, Int,6,,,22,,,,,,,,,
Pistols, Qui,10, ,10,,,,,,,,,,
Polearms, Str,9, ,,58,,,,,,,,,
Projectile Weapons, Str,3,,,4,,,,,,,,,
Rifles, Qui,6,,,22,,,,,,,,,
Shotguns, Qui,4,,,8,,,,,,,,,
Throwing Weapons, Str,4,,,8,,,,,,,,,
Arnis De Mano, Str,4, +20gk,,28,,,,,,,,,
Kung Fu, Str,6, +30gk,,52,,,,,,,,,
Underwater Combat, Str,4,,,8,,,,,,,,,
Whips, Qui,3,,,4,,,,,,,,,
Sorcery, Wil,8, ,,44,,,,,,,,,
Conjuring, Wil,5, ,,14,,,,,,,,,
Enchanting, Wil,4,,,8,,,,,,,,,
Aura Reading, Int,4,,,8,,,,,,,,,
Centering, Wil,6, ,,22,,,,,,,,,
Centering, Wil,6, ,,22,,,,,,,,,
Car, Rea,5, ,,14,,,,,,,,,
Bike, Rea,4,,,8,,,,,,,,,
Mechanical Arm Op., Rea,3,,,4,,,,,,,,,
Winged, Rea,4,,,8,,,,,,,,,
Semi-ballistic, Rea,3,,,4,,,,,,,,,
Suborbital, Rea,3,,,4,,,,,,,,,
Tracked, Rea,4,,,8,,,,,,,,,
Boat, Rea,4,,,8,,,,,,,,,
Armor B/R, Int,6,,,22,,,,,,,,,
Bike B/R, Int,4,,,8,,,,,,,,,
Biotech B/R, Int,4,,,8,,,,,,,,,
Car B/R, Int,6,,,22,,,,,,,,,
Computer B/R, Int,6,,,22,,,,,,,,,
Electronics B/R, Int,6,,,22,,,,,,,,,
Mech Arm B/R, Int,3,,,4,,,,,,,,,
Pistols B/R, Int,6,,,22,,,,,,,,,
Polearm B/R, Int,4,,,8,,,,,,,,,
Rifles B/R, Int,2,,,2,,,,,,,,,
Shotguns B/R, Int,2,,,2,,,,,,,,,
Survival B/R, Int,2,,,2,,,,,,,,,
Tool B/R, Int,6,,,22,,,,,,,,,
,,,,-53,,53,,,,,,,,
English, Int,15,,15,6,,,,,,,,,
Japanese, Int,6,,6,,,,,,,,,,
Spanish, Int,4,,4,,,,,,,,,,
Sperethiel, Int,15,,15,,,,,,,,,,
German, Int,4,,4,,,,,,,,,,
French, Int,4,,3,1,,,,,,,,,
Latin, Int,6,,6,,,,,,,,,,
Greek, Int,1,,,1,,,,,,,,,
Korean, Int,4,,,5,,,,,,,,,
Mandarin, Int,4,,,5,,,,,,,,,
Irish Gaelic, Int,2,,,2,,,,,,,,,
Sign Language, Int,1,,,1,,,,,,,,,
Vietnamese, Int,2,,,2,,,,,,,,,
Farsi, Int,1,,,1,,,,,,,,,
Portugese, Int,2,,,2,,,,,,,,,
Norwegian, Int,1,,,1,,,,,,,,,
,,,,-75,,75,,,,,,,,
Sociology, Int,3,,,3,,,,,,,,,
History, Int,8,,8,,,,,,,,,,
Chemistry, Int,6,,6,,,,,,,,,,
Medicine, Int,6,,6,,,,,,,,,,
Veterinary Medicine, Int,6,,6,,,,,,,,,,
Mathematics, Int,6,,6,,,,,,,,,,
Psychology, Int,3,,,3,,,,,,,,,
Biology, Int,5,,,9,,,,,,,,,
Metallurgy, Int,5,,,9,,,,,,,,,
Mechanical Engineering, Int,6,,6,,,,,,,,,,
Civil Engineering, Int,4,,,5,,,,,,,,,
Electrical Engineering, Int,6,,6,,,,,,,,,,
Botany, Int,6,,1,9,,,,,,,,,
Geology, Int,5,,,9,,,,,,,,,
Mining, Int,5,,,9,,,,,,,,,
Military Theory, Int,4,,,5,,,,,,,,,
Mechanical Arm Op. BG, Int,4,,,5,,,,,,,,,
Automated Factory Familiarity, Int,13,,13,,,,,,,,,,
Data Archive Familiarity, Int,6,,,14,,,,,,,,,
Cellular Network Familiarity, Int,4,,,5,,,,,,,,,
Chat Room Familiarity, Int,3,,,3,,,,,,,,,
Choke Point Familiarity, Int,3,,,3,,,,,,,,,
Communication Satelite Familiarity, Int,6,,,14,,,,,,,,,
Game Host Familiarity, Int,3,,,3,,,,,,,,,
LTG Familiarity, Int,6,,,14,,,,,,,,,
RTG Familiarity, Int,3,,,3,,,,,,,,,
Matrix Bank Familiarity, Int,3,,,3,,,,,,,,,
Security Network Familiarity, Int,3,,,3,,,,,,,,,
Defensive Utility Design, Int,4,,,5,,,,,,,,,
Offensive Utility Design, Int,4,,,5,,,,,,,,,
Operational Utility Design, Int,4,,,5,,,,,,,,,
Special Utility Design, Int,10,,10,,,,,,,,,,
Frame Core Design, Int,6,,,14,,,,,,,,,
Cyberterminal Code Design, Int,3,,,3,,,,,,,,,
Programming Suite Design, Int,6,,,14,,,,,,,,,
Application Design, Int,3,,,3,,,,,,,,,
Cyberterminal Design, Int,4,,,5,,,,,,,,,
Painting, Int,4,,,5,,,,,,,,,
Tool Design, Int,6,,,14,,,,,,,,,
TTRPGs, Int,4,,,5,,,,,,,,,
Cooking, Int,4,,,5,,,,,,,,,
Cracking, Int,7,,7,,,,,,,,,,
Talismongering, Int,6,,,14,,,,,,,,,
Seattle Gang Territory, Int,4,,,5,,,,,,,,,
Redmond Barrens, Int,4,,,5,,,,,,,,,
Police Procedures, Int,4,,,5,,,,,,,,,
Go Gangs, Int,4,,,5,,,,,,,,,
Data Havens, Int,4,,,5,,,,,,,,,
,,,,,,,,,,,,,,
---,,,,,,,,,,,,,,
,,,,,,,,,,,,,,
## Magic,,,,,,,,,,,,,,
,,,,,,,,,,,,,,
Dark King,,,,,,,,,,,,,,
Path of the Bard ,,,,,,,,,,,,,,
**Grade:** 8 Initiate gk only all group+quest,,,,,116,,,,,,,,,
,,,,,,,,,,,,,,
**Spells:**,,,,,,,,,,,,,,
,,,,,,,,,,,,,,
Spell,, Force,,,,,,,,,,,,
|-------|-------|-------|,,,,,,,,,,,,,,
Clean Earth,,6,,,6,,,,,,,,,
Fashion,,10,,,10,,,,,,,,,
Fix Vehicle,,9,,,9,,,,,,,,,
Physical Mask,,6,,,6,,,,,,,,,
Shape Earth,,6,,,6,,,,,,,,,
Sleep,,9,,,9,,,,,,,,,
Treat,,4,,,4,,,,,,,,,
Clean Water,,6,,,6,,,,,,,,,
Vehicle Mask,,8,,,8,,,,,,,,,
Vehicle Invisibility,,8,,,8,,,,,,,,,
Mind Probe,,6,,,6,,,,,,,,,
Heal,,9,,,9,,,,,,,,,
Analyze Device,,5,,,5,,,,,,,,,
Invisibility,,6,,,6,,,,,,,,,
Improved Invisibility,,6,,,6,,,,,,,,,
Detox,,8,,,8,,,,,,,,,
Oxygenate,,4,,,4,,,,,,,,,
Fix,,8,,,8,,,,,,,,,
,,,,,,,,,,,,,,
---,,,,,,,,,,,,,,
,,,,,,,,,,,,,,
## Edges, Flaws & Special Abilities,,,,,,,,,,,,,
,,,,,,,,,,,,,,
**Edges:** ,,,,,,,,,,,,,,
Ambidexterity 4,8,,,8,,,,,,,,,,
Aptitude,48,,,48,,,,,,,,,,
Astral Chameleon,2,,,2,,,,,,,,,,
At Ease,2,,,2,,,,,,,,,,
Bilingual,4,,,4,,,,,,,,,,
Bravery,1,,,1,,,,,,,,,,
College Education,1,,,1,,,,,,,,,,
Cracker: Access Tests,4,,,4,,,,,,,,,,
Double Jointed,1,,,1,,,,,,,,,,
Exceptional Attribute 6,12,,,12,,,,,,,,,,
Focused Concentration,2,,,2,,,,,,,,,,
Good Reputation 2,2,,,2,,,,,,,,,,
High Pain Tolerance 3,6,,,6,,,,,,,,,,
Lightning Reflexes 3,6,,,6,,,,,,,,,,
Natural Hardening 2,8,,,8,,,,,,,,,,
Perceptive,3,,,3,,,,,,,,,,
Photographic Memory,3,,,3,,,,,,,,,,
Regenerative Healer,6,,,6,,,,,,,,,,
Sense of Direction,1,,,1,,,,,,,,,,
Spirit Affinity,2,,,2,,,,,,,,,,
Tech School Education,1,,,1,,,,,,,,,,
Toughness,3,,,3,,,,,,,,,,
Vehicle Empathy 2,,,,,,,,,,,,,,
,,,,,,,,,,,,,,
**Flaws / Surge:** ,,,,,,,,,,,,,,
Critter Spook,-2,,,,,,,,,,,,,
Albinism,0,,,,,,,,,,,,,
Small Frame,0,,,,,,,,,,,,,
Strange Eyes,-2,,,,,,,,,,,,,
Unusual Hair (White),-2,,,,,,,,,,,,,
Weak Immune System 1,-1,,,,,,,,,,,,,
Augmented Balance,3,,,,,,,,,,,,,
Eagle Eyes,5,,,,,,,,,,,,,
Hearing Amplification,2,,,,,,,,,,,,,
High Pain Tolerance 3,6,,,,,,,,,,,,,
Improved Scent,2,,,,,,,,,,,,,
Improved Taste,2,,,,,,,,,,,,,
Lightning Reflexes 3,6,,,,,,,,,,,,,
Low Light (Natural),2,,,,,,,,,,,,,
Microscopic Vision,3,,,,,,,,,,,,,
Quick Healer,2,,,,,,,,,,,,,
Resistance to Poison 3,5,,,,,,,,,,,,,
Retractable Climbing Claws,3,,,,,,,,,,,,,
Sound Dampening,2,,,,,,,,,,,,,
Sound Discrimination 5,10,,,,,,,,,,,,,
Thermographic Vision (Natural),3,,,,,,,,,,,,,
Toughness,3,,,,,,,,,,,,,
Wide-band Hearing 5,5,,,,,,,,,,,,,
,,,,,,,,,,,,,,
,,,,,,,,,,,,,,
,,,,,,,,,,,,,,
,,,,,,,,,,,,,,
,,,,,,,,,,,,,,
,,,,,,,,,,,,,,
,,,,,,,,,,,,,,
**Adept Powers:** ,,,,,,,,,,,,,,
Multi-Tasking (0.5),0,,,,,,,,,,,,,
Nimble Fingers (0.5),0,,,,,,,,,,,,,
